<Tab name="Aimbot" padding="6 6 6 6">
    <Box padding="12 6 6 6" width="content" height="content" name="Aimbot">
        <List width="150">
            <AutoVariable width="fill" target="aimbot.enable" label="Enable aimbot"/>
            <AutoVariable width="fill" target="aimbot.aimkey.button" label="Aim key"
                          tooltip="Key which needs to be pressed to activate the action below."/>
            <LabeledObject width="fill" label="Aim key mode" tooltip="Controls what the aimkey does.">
                <Select target="aimbot.aimkey.mode">
                    <Option name="Disable" value="0"/>
                    <Option name="Pressed" value="1"/>
                    <Option name="Not Pressed" value="2"/>
                    <Option name="Toggle" value="3"/>
                </Select>
            </LabeledObject>
            <AutoVariable width="fill" target="aimbot.silent" label="Silent"
                          tooltip="Stops your crosshair from moving on your screen. Crosshair movement is still visible for spectators."/>
            <AutoVariable width="fill" target="aimbot.slow" label="Slow aimbot"
                          tooltip="Controls how quickly the aimbot moves your crosshair." min="0" max="30"/>
            <AutoVariable width="fill" target="aimbot.fov" label="FOV"
                          tooltip="Restricts the aimbot to a certain FOV from your crosshair."/>
            <AutoVariable width="fill" target="aimbot.fov-circle.enable" label="FOV circle"
                          tooltip="Shows the Aimbot's FOV."/>
            <AutoVariable width="fill" target="aimbot.fov-circle.opacity" label="FOV opacity"
                          tooltip="Controls the FOV circle's opacity." min="0" max="1" step="0.05"/>
            <AutoVariable width="fill" target="aimbot.can-shoot-only" label="Only Can Shoot"/>
            <AutoVariable width="fill" target="aimbot.zoomed-only" label="Zoomed only"
                          tooltip="If applicable, the aimbot will only shoot if you are scoped in."/>
        </List>
    </Box>
    <Box padding="12 6 6 6" width="content" height="content" name="Target selection" x="170">
        <List width="150">
            <LabeledObject width="fill" label="Priority mode"
                           tooltip="Who should the aimbot prioritize when multiple targets are in FOV?">
                <Select target="aimbot.priority-mode">
                    <Option name="Smart" value="0"/>
                    <Option name="FOV" value="1"/>
                    <Option name="Distance (Closest)" value="2"/>
                    <Option name="Distance (Highest)" value="4"/>
                    <Option name="Health (Lowest)" value="3"/>
                    <Option name="Health (Highest)" value="5"/>
                    <Option name="Fast" value="6"/>
                </Select>
            </LabeledObject>
            <LabeledObject width="fill" label="Target team">
                <Select target="aimbot.target.teammates">
                    <Option name="Enemies" value="0"/>
                    <Option name="Teammates" value="1"/>
                    <Option name="All" value="2"/>
                </Select>
            </LabeledObject>
            <LabeledObject width="fill" label="Hitbox mode"
                           tooltip="Which hitboxes should the aimbot target? Auto: target the head if the current weapon can deal headshot damage and if the headshot multiplier is necessary to kill the target; otherwise, the spine will be targeted. Closest: target the closest hitbox. Static: target the hitbox set below.">
                <Select target="aimbot.hitbox-mode">
                    <Option name="Auto" value="0"/>
                    <Option name="Closest" value="1"/>
                    <Option name="Static" value="2"/>
                </Select>
            </LabeledObject>
            <LabeledObject width="fill" label="Hitbox" tooltip="Sets the hitbox used if the above is set to 'Static'.">
                <Select target="aimbot.hitbox">
                    <Option name="Head" value="0"/>
                    <Option name="Pelvis" value="1"/>
                    <Option name="Spine 0" value="2"/>
                    <Option name="Spine 1" value="3"/>
                    <Option name="Spine 2" value="4"/>
                    <Option name="Spine 3" value="5"/>
                    <Option name="Upper left arm" value="6"/>
                    <Option name="Lower left arm" value="7"/>
                    <Option name="Left hand" value="8"/>
                    <Option name="Upper right arm" value="9"/>
                    <Option name="Lower right arm" value="10"/>
                    <Option name="Right hand" value="11"/>
                    <Option name="Left hip" value="12"/>
                    <Option name="Left knee" value="13"/>
                    <Option name="Left Foot" value="14"/>
                    <Option name="Right Hip" value="15"/>
                    <Option name="Right Knee" value="16"/>
                    <Option name="Right Foot" value="17"/>
                </Select>
            </LabeledObject>
            <AutoVariable width="fill" target="aimbot.target.max-range" label="Max range"
                          tooltip="Entities further than this distance will not be targeted. Measured in Hammer units."/>
            <AutoVariable width="fill" target="aimbot.multipoint" label="Multipoint"/>
            <LabeledObject width="fill" label="All Hiitboxes"
                           tooltip="This will vischeck as many hitboxes as it can on the target to see if it can shoot. This will reduce your FPS.">
                <Select target="aimbot.vischeck-hitboxes">
                    <Option name="Disable" value="0"/>
                    <Option name="Rage Only" value="1"/>
                    <Option name="All" value="2"/>
                </Select>
            </LabeledObject>
            <AutoVariable width="fill" target="aimbot.lock-target" label="Preserve target"
                          tooltip="Lock onto a target until they die or leave your FOV."/>
            <AutoVariable width="fill" target="aimbot.target.sentry" label="Aim sentry"/>
            <AutoVariable width="fill" target="aimbot.target.npcs" label="Aim NPC"/>
            <AutoVariable width="fill" target="aimbot.autoshoot.activate-heatmaker" label="Activate heatmaker"/>
            <AutoVariable width="fill" target="aimbot.target.ignore-vaccinator" label="Ignore vacc ubercharge"/>

        </List>
    </Box>
    <Box padding="12 6 6 6" width="content" height="content" name="Autoshoot" x="170" y="210">
        <List width="150">
            <AutoVariable width="fill" target="aimbot.autoshoot" label="Enable autoshoot"
                          tooltip="Make the aimbot automatically fire your weapon."/>
            <AutoVariable width="fill" target="aimbot.wait-for-charge" label="Wait for charge"
                          tooltip="Hold fire until a single shot is enough to kill the target."/>
            <AutoVariable width="fill" target="aimbot.auto.spin-up" label="Auto spin-up"
                          tooltip="Spin up the minigun automatically if an enemy is found."/>
            <AutoVariable width="fill" target="aimbot.auto.zoom" label="Auto zoom"
                          tooltip="Intelligently zoom if applicable to current weapon type."/>
            <AutoVariable width="fill" target="aimbot.zoom.distance" label="Zoom distance"
                          tooltip="Distance to the nearest enemy in HMU for which the bot will always zoom."/>
            <AutoVariable width="fill" target="aimbot.rev.distance" label="Rev distance"
                          tooltip="Distance to the nearest enemy in HMU for which the bot will always rev their minigun."/>
            <AutoVariable width="fill" target="aimbot.auto.unzoom" label="Auto unzoom"
                          tooltip="Intelligently unzoom if applicable to current weapon type."/>
        </List>
    </Box>
    <Box padding="12 6 6 6" width="content" height="content" name="Backtracking" x="340" y="70">
        <List width="150">
            <AutoVariable width="fill" target="backtrack.enabled" label="Enable backtracking"
                          tooltip="Allow hitting enemies where they were in the past."/>
            <AutoVariable width="fill" target="aimbot.backtrack" label="Aim at backtracking"
                          tooltip="Aim at backtrack ticks."/>
            <AutoVariable width="fill" target="aimbot.backtrack.only-last-tick" label="Aim at only the last tick"
                          tooltip="Aim at only the last backtrack tick. !DISABLING THIS MAY CAUSE LAG!"/>
            <AutoVariable width="fill" target="backtrack.latency" label="Fake latency" tooltip="Amount of fake latency."
                          min="0" max="1000" step="25"/>
            <AutoVariable width="fill" target="backtrack.draw" label="Draw backtrack"
                          tooltip="Shows an on-screen icon for ticks."/>
            <LabeledObject width="fill" label="Backtrack slots"
                           tooltip="Which weapon slots should have backtracking enabled?">
                <Select target="backtrack.slots">
                    <Option name="All" value="0"/>
                    <Option name="Primary" value="1"/>
                    <Option name="Secondary" value="2"/>
                    <Option name="Melee" value="3"/>
                    <Option name="Primary + secondary" value="4"/>
                    <Option name="Primary + melee" value="5"/>
                    <Option name="Secondary + melee" value="6"/>
                </Select>
            </LabeledObject>
        </List>
    </Box>
</Tab>