<Tab name="HvH" padding="4 4 4 4">
    <Box padding="12 6 6 6" width="content" height="content" name="Anti-aim">
        <List width="150">
            <AutoVariable width="fill" target="antiaim.enable" label="Enable"/>
            <AutoVariable width="fill" target="antiaim.no-clamp" label="No clamping" tooltip="Don't clamp angles (keep pitch within ±89° and yaw within ±180°)"/>
            <AutoVariable width="fill" target="misc.fakelag" label="Fakelag" min="0" max="22"/>
            <AutoVariable width="fill" target="antiaim.spin-speed" label="Spin speed" tooltip="Speed for yaw spin" min="-45" max="45" step="0.1"/>
            <AutoVariable width="fill" target="antiaim.roll" label="Roll"/>
            <Box padding="12 6 6 6" width="content" height="content" name="Pitch" y="90">
				<List width="138">
					<LabeledObject width="fill" label="Pitch mode">
					<Select target="antiaim.pitch.real">
                                         <Option name="Disable" value="0"/>
                                         <Option name="Custom" value="1"/>
                                         <Option name="Jitter" value="2"/>
                                         <Option name="Random" value="3"/>
                                         <Option name="Flip" value="4"/>
                                         <Option name="Fakeflip" value="5"/>
                                        <Option name="Fakeup" value="6"/>
                                        <Option name="Fakedown" value="7"/>
                                       <Option name="Fakecenter" value="8"/>
                                        <Option name="Up" value="9"/>
                                         <Option name="Down" value="10"/>
                                         <Option name="Heck" value="11"/>
					</Select>
				</LabeledObject>
					<AutoVariable width="fill" target="antiaim.pitch.static" label="Custom" tooltip="Used when 'Real Pitch' is set to 'Custom'"/>
				</List>
			</Box>
			<Box padding="12 6 6 6" width="content" height="content" name="Yaw" y="110">
				<List width="138">
					<LabeledObject width="fill" label="Fake Yaw">
						<Select target="antiaim.yaw.fake">
							<Option name="Disable" value="0"/>
							<Option name="Custom" value="1"/>
							<Option name="Custom Offset" value="2"/>
							<Option name="Left" value="3"/>
							<Option name="b1g random" value="4"/>
							<Option name="Right" value="5"/>
							<Option name="Back" value="6"/>
							<Option name="Spin" value="7"/>
							<Option name="Edge" value="8"/>
							<Option name="Sideways" value="9"/>
							<Option name="Heck" value="10"/>
							<Option name="TestAA" value="11"/>
							<Option name="Random" value="12"/>
						</Select>
					</LabeledObject>
					<LabeledObject width="fill" label="Real Yaw">
						<Select target="antiaim.yaw.real">
							<Option name="Disable" value="0"/>
							<Option name="Custom" value="1"/>
							<Option name="Custom Offset" value="2"/>
							<Option name="Left" value="3"/>
							<Option name="b1g random" value="4"/>
							<Option name="Right" value="5"/>
							<Option name="Back" value="6"/>
							<Option name="Spin" value="7"/>
							<Option name="Edge" value="8"/>
							<Option name="Sideways" value="9"/>
							<Option name="Heck" value="10"/>
							<Option name="TestAA" value="11"/>
							<Option name="Random" value="12"/>
						</Select>
					</LabeledObject>
					<AutoVariable width="fill" target="antiaim.yaw.fake.static" label="Custom Fake" tooltip="Used when 'Fake Yaw' is set to 'Custom'"/>
					<AutoVariable width="fill" target="antiaim.yaw.real.static" label="Custom Real" tooltip="Used when 'Real Yaw' is set to 'Custom'"/>
				</List>
			</Box>
        </List>
    </Box>
    <Box padding="12 6 6 6" width="content" height="content" name="Resolver" x="170">
        <List width="150">
            <AutoVariable width="fill" target="anti-anti-aim.enable" label="Enable" tooltip="Attempt to bruteforce enemy antiaim"/>
        </List>
    </Box>
    <Box padding="12 6 6 6" name="Anti-resolver" width="content" height="content" x="340">
        <List width="150">
            <AutoVariable width="fill" target="antiaim.aaaa.enable" label="Enable"/>
            <AutoVariable width="fill" target="antiaim.aaaa.flip-key" label="Flip key"/>
            <AutoVariable width="fill" target="antiaim.aaaa.interval.seconds" label="Enable"/>
            <AutoVariable width="fill" target="antiaim.aaaa.interval.random-low" label="Random low"/>
            <AutoVariable width="fill" target="antiaim.aaaa.interval.random-high" label="Random high"/>
            <LabeledObject width="fill" label="Mode">
                <Select target="antiaim.aaaa.mode">
                    <Option name="(Fake)up" value="0"/>
                    <Option name="(Fake)down" value="1"/>
                    <Option name="Roller" value="2"/>
                </Select>
            </LabeledObject>
        </List>
    </Box>
</Tab>