<Tab name="Info" padding="4 4 4 4">
    <Box padding="12 6 6 6" width="content" height="content" name="Debug">
        <List width="167">
            <AutoVariable width="fill" target="misc.debug-info" label="Debug"/>
            <AutoVariable width="fill" target="hack.log-console" label="Log debug info"/>
            <AutoVariable width="fill" target="debug.engine-pred-others" label="Engine pred others"/>
            <AutoVariable width="fill" target="debug.join-wait-time" label="Joinspam wait time"/>
            <AutoVariable width="fill" target="debug.log-dispatch-user-msg" label="Log DUMs" tooltip="Dispatched User Messages."/>
            <AutoVariable width="fill" target="debug.log-sent-chat" label="Log sent chat"/>
            <AutoVariable width="fill" target="debug.pp-extrapolate" label="PP extrapolate"/>
            <AutoVariable width="fill" target="debug.pp-rocket-time-ping" label="PP rocket time ping"/>
            <AutoVariable width="fill" target="debug.tcm" label="Debug TCM"/>
            <AutoVariable width="fill" target="aimbot.debug" label="Debug aimbot"/>
            <AutoVariable width="fill" target="aimbot.debug.engine-pp" label="Debug engine PP"/>
        </List>
    </Box>
</Tab>
