<Prefab id="player-list-row">
    <TRow>
        <TData height="15" width="25">
            <Text width="fill" padding="2 0 0 4" id="uid">N/A</Text>
        </TData>
        <TData height="15" width="70">
            <Text width="fill" padding="2 0 0 4" id="steam">N/A</Text>
        </TData>
        <TData height="15" width="140">
            <Text width="fill" padding="2 0 0 4" id="username" team_color="1">N/A</Text>
        </TData>
        <TData height="15" width="55">
            <Text width="fill" padding="2 0 0 4" id="class" team_color="1">N/A</Text>
        </TData>
        <TData height="15" width="60">
            <Text width="fill" padding="2 0 0 4" id="alivestate">N/A</Text>
        </TData>
        <TData height="15" width="70">
            <Text width="fill" padding="2 0 0 4" id="state">N/A</Text>
        </TData>
        <TData height="15" width="60">
            <Text width="fill" padding="2 0 0 4" id="kick">Kick</Text>
        </TData>
    </TRow>
</Prefab>