{
  "CTETFParticleEffect": true,
  "CTETFExplosion": true,
  "CTETFBlood": true,
  "CTFTankBoss": true,
  "CTFBaseBoss": true,
  "CBossAlpha": true,
  "CZombie": true,
  "CMerasmusDancer": true,
  "CMerasmus": true,
  "CHeadlessHatman": true,
  "CEyeballBoss": true,
  "CTFWeaponSapper": true,
  "CTFWeaponBuilder": true,
  "C_TFWeaponBuilder": true,
  "CTFTeam": true,
  "CTFTauntProp": true,
  "CTFProjectile_Rocket": true,
  "CTFProjectile_Flare": true,
  "CTFProjectile_EnergyBall": true,
  "CTFProjectile_GrapplingHook": true,
  "CTFProjectile_HealingBolt": true,
  "CTFProjectile_Arrow": true,
  "CTFPlayerResource": true,
  "CTFPlayer": true,
  "CTFRagdoll": true,
  "CTEPlayerAnimEvent": true,
  "CTFPasstimeLogic": true,
  "CPasstimeBall": true,
  "CTFObjectiveResource": true,
  "CTFGlow": true,
  "CTEFireBullets": true,
  "CTFBuffBanner": true,
  "CTFAmmoPack": true,
  "CObjectTeleporter": true,
  "CObjectSentrygun": true,
  "CTFProjectile_SentryRocket": true,
  "CObjectSapper": true,
  "CObjectCartDispenser": true,
  "CObjectDispenser": true,
  "CMonsterResource": true,
  "CFuncRespawnRoomVisualizer": true,
  "CFuncRespawnRoom": true,
  "CFuncPasstimeGoal": true,
  "CFuncForceField": true,
  "CCaptureZone": true,
  "CCurrencyPack": true,
  "CBaseObject": true,
  "CTFBotHintEngineerNest": true,
  "CBotNPCMinion": true,
  "CBotNPC": true,
  "CRagdollPropAttached": true,
  "CRagdollProp": true,
  "NextBotCombatCharacter": true,
  "CWaterBullet": true,
  "CFuncMonitor": true,
  "CWorld": true,
  "CWaterLODControl": true,
  "CVGuiScreen": true,
  "CPropJeep": true,
  "CPropVehicleChoreoGeneric": true,
  "CTEWorldDecal": true,
  "CTESpriteSpray": true,
  "CTESprite": true,
  "CTESparks": true,
  "CTESmoke": true,
  "CTEShowLine": true,
  "CTEProjectedDecal": true,
  "CTEPlayerDecal": true,
  "CTEPhysicsProp": true,
  "CTEParticleSystem": true,
  "CTEMuzzleFlash": true,
  "CTELargeFunnel": true,
  "CTEKillPlayerAttachments": true,
  "CTEImpact": true,
  "CTEGlowSprite": true,
  "CTEShatterSurface": true,
  "CTEFootprintDecal": true,
  "CTEFizz": true,
  "CTEExplosion": true,
  "CTEEnergySplash": true,
  "CTEEffectDispatch": true,
  "CTEDynamicLight": true,
  "CTEDecal": true,
  "CTEClientProjectile": true,
  "CTEBubbleTrail": true,
  "CTEBubbles": true,
  "CTEBSPDecal": true,
  "CTEBreakModel": true,
  "CTEBloodStream": true,
  "CTEBloodSprite": true,
  "CTEBeamSpline": true,
  "CTEBeamRingPoint": true,
  "CTEBeamRing": true,
  "CTEBeamPoints": true,
  "CTEBeamLaser": true,
  "CTEBeamFollow": true,
  "CTEBeamEnts": true,
  "CTEBeamEntPoint": true,
  "CTEBaseBeam": true,
  "CTEArmorRicochet": true,
  "CTEMetalSparks": true,
  "CTest_ProxyToggle_Networkable": true,
  "CTestTraceline": true,
  "CTesla": true,
  "CTeamTrainWatcher": true,
  "CBaseTeamObjectiveResource": true,
  "CTeam": true,
  "CSun": true,
  "CSteamJet": true,
  "CParticlePerformanceMonitor": true,
  "CSpotlightEnd": true,
  "DustTrail": true,
  "CFireTrail": true,
  "SporeTrail": true,
  "SporeExplosion": true,
  "RocketTrail": true,
  "SmokeTrail": true,
  "CSmokeStack": true,
  "CSlideshowDisplay": true,
  "CShadowControl": true,
  "CSceneEntity": true,
  "CRopeKeyframe": true,
  "CRagdollManager": true,
  "CPropVehicleDriveable": true,
  "CPhysicsPropMultiplayer": true,
  "CPhysBoxMultiplayer": true,
  "CBasePropDoor": true,
  "CDynamicProp": true,
  "CPointWorldText": true,
  "CPointCommentaryNode": true,
  "CPointCamera": true,
  "CPlayerResource": true,
  "CPlasma": true,
  "CPhysMagnet": true,
  "CPhysicsProp": true,
  "CPhysBox": true,
  "CParticleSystem": true,
  "ParticleSmokeGrenade": true,
  "CParticleFire": true,
  "MovieExplosion": true,
  "CMaterialModifyControl": true,
  "CLightGlow": true,
  "CInfoOverlayAccessor": true,
  "CTEGaussExplosion": true,
  "CFuncTrackTrain": true,
  "CFuncSmokeVolume": true,
  "CFuncRotating": true,
  "CFuncReflectiveGlass": true,
  "CFuncOccluder": true,
  "CFunc_LOD": true,
  "CTEDust": true,
  "CFunc_Dust": true,
  "CFuncConveyor": true,
  "CBreakableSurface": true,
  "CFuncAreaPortalWindow": true,
  "CFish": true,
  "CEntityFlame": true,
  "CFireSmoke": true,
  "CEnvTonemapController": true,
  "CEnvScreenEffect": true,
  "CEnvScreenOverlay": true,
  "CEnvProjectedTexture": true,
  "CEnvParticleScript": true,
  "CFogController": true,
  "CEntityParticleTrail": true,
  "CEntityDissolve": true,
  "CEnvQuadraticBeam": true,
  "CEmbers": true,
  "CEnvWind": true,
  "CPrecipitation": true,
  "CDynamicLight": true,
  "CColorCorrectionVolume": true,
  "CColorCorrection": true,
  "CBreakableProp": true,
  "CBaseTempEntity": true,
  "CBasePlayer": true,
  "CBaseFlex": true,
  "CBaseEntity": true,
  "CBaseDoor": true,
  "CBaseCombatCharacter": true,
  "CBaseAnimatingOverlay": true,
  "CBoneFollower": true,
  "CBaseAnimating": true,
  "CInfoLightingRelative": true,
  "CAI_BaseNPC": true,
  "CWeaponIFMSteadyCam": true,
  "CWeaponIFMBaseCamera": true,
  "CWeaponIFMBase": true,
  "CTFWearableRazorback": true,
  "CTFWearableDemoShield": true,
  "CTFWearableLevelableItem": true,
  "CTFWearableCampaignItem": true,
  "CTFWearableRobotArm": true,
  "CTFRobotArm": true,
  "CTFWrench": true,
  "CTFProjectile_ThrowableBreadMonster": true,
  "CTFProjectile_ThrowableBrick": true,
  "CTFProjectile_ThrowableRepel": true,
  "CTFProjectile_Throwable": true,
  "CTFThrowable": true,
  "CTFSyringeGun": true,
  "CTFKatana": true,
  "CTFSword": true,
  "CSniperDot": true,
  "CTFSniperRifleClassic": true,
  "CTFSniperRifleDecap": true,
  "CTFSniperRifle": true,
  "CTFChargedSMG": true,
  "CTFSMG": true,
  "CTFSlap": true,
  "CTFShovel": true,
  "CTFShotgunBuildingRescue": true,
  "CTFPEPBrawlerBlaster": true,
  "CTFSodaPopper": true,
  "CTFShotgun_Revenge": true,
  "CTFScatterGun": true,
  "CTFShotgun_Pyro": true,
  "CTFShotgun_HWG": true,
  "CTFShotgun_Soldier": true,
  "CTFShotgun": true,
  "CTFRocketPack": true,
  "CTFCrossbow": true,
  "CTFRocketLauncher_Mortar": true,
  "CTFRocketLauncher_AirStrike": true,
  "CTFRocketLauncher_DirectHit": true,
  "CTFRocketLauncher": true,
  "CTFRevolver": true,
  "CTFDRGPomson": true,
  "CTFRaygun": true,
  "CTFPistol_ScoutSecondary": true,
  "CTFPistol_ScoutPrimary": true,
  "CTFPistol_Scout": true,
  "CTFPistol": true,
  "CTFPipebombLauncher": true,
  "CTFWeaponPDA_Spy": true,
  "CTFWeaponPDA_Engineer_Destroy": true,
  "CTFWeaponPDA_Engineer_Build": true,
  "CTFWeaponPDAExpansion_Teleporter": true,
  "CTFWeaponPDAExpansion_Dispenser": true,
  "CTFWeaponPDA": true,
  "CPasstimeGun": true,
  "CTFParticleCannon": true,
  "CTFParachute_Secondary": true,
  "CTFParachute_Primary": true,
  "CTFParachute": true,
  "CTFMinigun": true,
  "CTFMedigunShield": true,
  "CWeaponMedigun": true,
  "CTFProjectile_MechanicalArmOrb": true,
  "CTFMechanicalArm": true,
  "CTFLunchBox_Drink": true,
  "CTFLunchBox": true,
  "CLaserDot": true,
  "CTFLaserPointer": true,
  "CTFKnife": true,
  "CTFGasManager": true,
  "CTFProjectile_JarGas": true,
  "CTFJarGas": true,
  "CTFProjectile_Cleaver": true,
  "CTFProjectile_JarMilk": true,
  "CTFProjectile_Jar": true,
  "CTFCleaver": true,
  "CTFJarMilk": true,
  "CTFJar": true,
  "CTFWeaponInvis": true,
  "CTFGrenadePipebombProjectile": true,
  "CTFCannon": true,
  "CTFGrenadeLauncher": true,
  "CTFGrapplingHook": true,
  "CTFFlareGun_Revenge": true,
  "CTFFlareGun": true,
  "CTFFlameRocket": true,
  "CTFFlameThrower": true,
  "CTFFists": true,
  "CTFFireAxe": true,
  "CTFWeaponFlameBall": true,
  "CTFCompoundBow": true,
  "CTFClub": true,
  "CTFBuffItem": true,
  "CTFStickBomb": true,
  "CTFBreakableSign": true,
  "CTFBottle": true,
  "CTFBreakableMelee": true,
  "CTFBonesaw": true,
  "CTFBall_Ornament": true,
  "CTFStunBall": true,
  "CTFBat_Giftwrap": true,
  "CTFBat_Wood": true,
  "CTFBat_Fish": true,
  "CTFBat": true,
  "CTFBaseRocket": true,
  "CTFWeaponBaseMerasmusGrenade": true,
  "CTFWeaponBaseMelee": true,
  "CTFWeaponBaseGun": true,
  "CTFWeaponBaseGrenadeProj": true,
  "CTFWeaponBase": true,
  "CTFViewModel": true,
  "CRobotDispenser": true,
  "CTFRobotDestruction_Robot": true,
  "CTFReviveMarker": true,
  "CTFPumpkinBomb": true,
  "CTFProjectile_EnergyRing": true,
  "CTFProjectile_BallOfFire": true,
  "CTFBaseProjectile": true,
  "CTFPointManager": true,
  "CBaseObjectUpgrade": true,
  "CMannVsMachineStats": true,
  "CTFRobotDestructionLogic": true,
  "CTFRobotDestruction_RobotGroup": true,
  "CTFRobotDestruction_RobotSpawn": true,
  "CTFPlayerDestructionLogic": true,
  "CPlayerDestructionDispenser": true,
  "CTFMinigameLogic": true,
  "CTFHalloweenMinigame_FallingPlatforms": true,
  "CTFHalloweenMinigame": true,
  "CTFMiniGame": true,
  "CTFWearableVM": true,
  "CTFWearable": true,
  "CTFPowerupBottle": true,
  "CTFItem": true,
  "CHalloweenSoulPack": true,
  "CTFGenericBomb": true,
  "CBonusRoundLogic": true,
  "CTFGameRulesProxy": true,
  "CTFFlameManager": true,
  "CTFDroppedWeapon": true,
  "CTFProjectile_SpellKartBats": true,
  "CTFProjectile_SpellKartOrb": true,
  "CTFHellZap": true,
  "CTFProjectile_SpellLightningOrb": true,
  "CTFProjectile_SpellTransposeTeleport": true,
  "CTFProjectile_SpellMeteorShower": true,
  "CTFProjectile_SpellSpawnBoss": true,
  "CTFProjectile_SpellMirv": true,
  "CTFProjectile_SpellPumpkin": true,
  "CTFProjectile_SpellSpawnHorde": true,
  "CTFProjectile_SpellSpawnZombie": true,
  "CTFProjectile_SpellBats": true,
  "CTFProjectile_SpellFireball": true,
  "CTFSpellBook": true,
  "CHightower_TeleportVortex": true,
  "CTeleportVortex": true,
  "CHalloweenGiftPickup": true,
  "CBonusDuckPickup": true,
  "CHalloweenPickup": true,
  "CCaptureFlagReturnIcon": true,
  "CCaptureFlag": true,
  "CBonusPack": true,
  "CHandleTest": true,
  "CTeamRoundTimer": true,
  "CTeamplayRoundBasedRulesProxy": true,
  "CSpriteTrail": true,
  "CSpriteOriented": true,
  "CSprite": true,
  "CPoseController": true,
  "CGameRulesProxy": true,
  "CInfoLadderDismount": true,
  "CFuncLadder": true,
  "CEnvDetailController": true,
  "CTFWearableItem": true,
  "CEconWearable": true,
  "CBaseAttributableItem": true,
  "CEconEntity": true,
  "CBeam": true,
  "CBaseViewModel": true,
  "CBaseProjectile": true,
  "CBaseParticleEntity": true,
  "CBaseGrenade": true,
  "CBaseCombatWeapon": true,
  "CVoteController": true,
  "CWeaponSpawner": true,
  "CCSPlayerResource": true,
  "CCSPlayer": true,
  "CHL2MP_Player": true,
  "CWeaponStunStick": true,
  "CWeaponSMG1": true,
  "CWeapon_SLAM": true,
  "CWeaponShotgun": true,
  "CWeaponRPG": true,
  "CWeaponPistol": true,
  "CWeaponPhysCannon": true,
  "CWeaponAnnabelle": true,
  "CWeaponBinoculars": true,
  "CWeaponBugBait": true,
  "CWeaponHL2MPBase": true,
  "CWeaponFrag": true,
  "CWeaponCrowbar": true,
  "CWeaponCrossbow": true,
  "CWeaponAR2": true,
  "CWeapon357": true,
  "CWeaponCitizenSuitcase": true,
  "CWeaponCitizenPackage": true,
  "CWeaponAlyxGun": true
}