<Tab name="General" padding="4 4 4 4">
    <Box name="Autojoin" width="content" height="content" padding="12 6 6 6">
        <List width="200">
            <AutoVariable width="fill" target="autojoin.auto-queue" label="Auto queue"/>
            <AutoVariable width="fill" target="autojoin.auto-requeue" label="Auto requeue"/>
            <AutoVariable width="fill" target="autoqueue.mode" label="Autoqueue mode" min="0" max="12"/>
            <AutoVariable width="fill" target="hack.requeue-on-kick" label="Requeue on kick"/>
            <LabeledObject width="fill" label="Autojoin class" tooltip="Automatically pick a class.">
                <Select target="autojoin.class">
                    <Option name="None" value="0"/>
                    <Option name="Scout" value="1"/>
                    <Option name="Sniper" value="2"/>
                    <Option name="Soldier" value="3"/>
                    <Option name="Demoman" value="4"/>
                    <Option name="Medic" value="5"/>
                    <Option name="Heavy" value="6"/>
                    <Option name="Pyro" value="7"/>
                    <Option name="Spy" value="8"/>
                    <Option name="Engineer" value="9"/>
                </Select>
            </LabeledObject>
            <AutoVariable width="fill" target="autojoin.random-class" label="Random Class" tooltip="Will not work unless autoclass is set to None"/>
            <AutoVariable width="fill" target="autojoin.team" label="Autojoin team"
                          tooltip="Automatically join a team."/>
        </List>
    </Box>
    <Box name="Utilities" width="content" height="content" padding="12 6 6 6" x="215">
        <List width="200">
            <AutoVariable width="fill" target="cat-bot.enable" label="Enable utilities"/>
            <AutoVariable width="fill" target="player-tools.betrayal-limit" label="Betrayal limit"/>
            <AutoVariable width="fill" target="cat-bot.abandon-instead" label="Abandon instead of requeue" tooltip="Abandon match instead of requeuing (settings below)"/>
            <AutoVariable width="fill" target="cat-bot.requeue-if.ipc-bots-gte" label="Requeue if bots Gte"/>
            <AutoVariable width="fill" target="cat-bot.requeue-if.humans-lte" label="Requeue if humans Lte"/>
            <AutoVariable width="fill" target="cat-bot.requeue-if.players-lte" label="Requeue if players Lte"/>
            <AutoVariable width="fill" target="cat-bot.auto-crouch" label="Autocrouch"/>
            <AutoVariable width="fill" target="cat-bot.mark-human-after-kills" label="Mark human after kills"/>
            <AutoVariable width="fill" target="cat-bot.micspam.enable" label="Micspam"/>
            <AutoVariable width="fill" target="cat-bot.micspam.interval-off" label="Micspam interval off"/>
            <AutoVariable width="fill" target="cat-bot.micspam.interval-on" label="Micspam interval on"/>
            <AutoVariable width="fill" target="cat-bot.votekicks" label="Random votekicks"/>
            <AutoVariable width="fill" target="cat-bot.anti-autobalance" label="Anti auto balance"/>
            <AutoVariable width="fill" target="cat-bot.anti-motd" label="Anti MOTD"/>
            <AutoVariable width="fill" target="cat-bot.autovote-map" label="Autovote for current map"/>
            <AutoVariable width="fill" target="cat-bot.always-crouch" label="Always crouch"/>
            <AutoVariable width="fill" target="misc.auto-noisemaker" label="Auto unlock and equip noisemakers"/>
        </List>
    </Box>

    <Box padding="12 6 6 6" width="content" height="content" name="Engineer-Bot" y="180">
        <List width="200">
            <AutoVariable width="fill" target="autorepair.enabled" label="Enable auto repair"/>
            <AutoVariable width="fill" target="autorepair.silent" label="Silent"/>
            <AutoVariable width="fill" target="autorepair.sentry" label="Repair sentry"/>
            <AutoVariable width="fill" target="autorepair.dispenser" label="Repair dispenser"/>
            <AutoVariable width="fill" target="autorepair.teleport" label="Repair teleporter"/>
            <LabeledObject width="fill" label="Priority">
                <Select target="autorepair.priority">
                    <Option name="None" value="0"/>
                    <Option name="Sentry" value="1"/>
                    <Option name="Dispenser" value="2"/>
                    <Option name="Teleport" value="3"/>
                </Select>
            </LabeledObject>
            <AutoVariable width="fill" target="autoupgrade.enabled" label="Enable auto upgrade"/>
            <AutoVariable width="fill" target="autoupgrade.sentry" label="Upgrade sentry"/>
            <AutoVariable width="fill" target="autoupgrade.sentry.level" label="Upgrade sentry level" min="1" max="3"/>
            <AutoVariable width="fill" target="autoupgrade.dispenser" label="Upgrade dispenser"/>
            <AutoVariable width="fill" target="autoupgrade.dispenser.level" label="Upgrade dispenser level" min="1"
                          max="3"/>
            <AutoVariable width="fill" target="autoupgrade.teleport" label="Upgrade teleporter"/>
            <AutoVariable width="fill" target="autoupgrade.teleport.level" label="Upgrade teleporter level" min="1"
                          max="3"/>
        </List>
    </Box>
</Tab>