<Tab name="Regions" padding="4 4 4 4">
    <Box height="content" width="content" padding="12 6 6 6" name="Region Selector">
        <List width="155">
            <AutoVariable width="fill" target="dc.enable" label="Enable"/>
            <AutoVariable width="fill" target="dc.restrict" label="Only selected regions"/>
            <AutoVariable width="fill" target="dc.toggle-europe" label="Toggle Europe"/>
            <AutoVariable width="fill" target="dc.toggle-north-america" label="Toggle North America"/>
            <AutoVariable width="fill" target="dc.toggle-south-america" label="Toggle South America"/>
            <AutoVariable width="fill" target="dc.toggle-asia" label="Toggle Asia"/>
            <AutoVariable width="fill" target="dc.toggle-oceania" label="Toggle Oceania"/>
            <AutoVariable width="fill" target="dc.toggle-africa" label="Toggle Nigeria"/>
            <AutoVariable width="fill" target="dc.regions" label="Raw region list"/>
        </List>
    </Box>
</Tab>
